;Name;budgetMax;objectifInit;objectifLimit
0;random1600_0_V4;2554.804299999995;25753.99542051;19921.9847
