;Name;budgetMax;objectifInit;objectifLimit
0;Tours_200;486.36646582977664;1141.3637508545498;890.446722118933
